{
  "lgb_cv": {
    "mse": 0.052700797015398225,
    "rmse": 0.2145590507984995,
    "r2": 0.9086519868676388
  },
  "xgb_cv": {
    "mse": 0.0689161984742367,
    "rmse": 0.24637499595609197,
    "r2": 0.8803859409921788
  },
  "rf_cv": {
    "mse": 0.07375065945945888,
    "rmse": 0.25640654245521993,
    "r2": 0.8717320530541055
  }
}