{
  "q_std": 7.15596119507043,
  "coverage_test": 0.7444444444444445,
  "avg_width": 2.166710375898388,
  "mse_mid": 0.3441557724057055,
  "timestamp": 1758371437
}