{
  "q_std": 25.328717756312116,
  "q_resid": 0.043017823311970814,
  "coverage_h": 0.7,
  "avg_width_h": 2.625826725546328,
  "coverage_r": 0.06666666666666667,
  "avg_width_r": 0.08603564662394092,
  "sigma_cal_percentiles": [
    0.0037696657996603394,
    0.03430152272312255,
    0.049334803208823795,
    0.0732619917804483,
    0.13985949479113655
  ],
  "sigma_test_percentiles": [
    0.0035785070439162043,
    0.018279053415689764,
    0.035948948119349816,
    0.061206581833516883,
    0.19990319914404742
  ]
}