{
  "q_std_trim": 378.1192387798505,
  "coverage_h": 0.8222222222222222,
  "avg_width_h": 9.839358725718212,
  "q_resid": 0.07904152879135289,
  "coverage_r": 0.07777777777777778,
  "avg_width_r": 0.1580830575827079,
  "trim_bounds": [
    0.9248865720735175,
    731.9563986050621
  ]
}