{
  "svi_steps": 2000,
  "lr": 0.001,
  "seed": 42,
  "params": {
    "AutoDiagonalNormal.loc": [
      1.8681104183197021,
      -2.598193883895874,
      0.2192060351371765,
      -0.1616724282503128,
      -0.08555054664611816,
      1.1163026094436646,
      1.5252476930618286
    ],
    "AutoDiagonalNormal.scale": [
      0.10549451410770416,
      0.10734909027814865,
      0.24239805340766907,
      0.24505935609340668,
      0.07649899274110794,
      0.07514341920614243,
      0.09537888318300247
    ]
  }
}