{
  "q_std_raw": 2.257572837931047,
  "best_s": 1.0,
  "q_std": 2.257572837931047,
  "coverage_test": 0.7444444444444445,
  "avg_width": 1.740775642759682,
  "mse_mid": 0.5203673978668976,
  "sigma_min": 0.04827898382361417,
  "sigma_max": 3.7714666381002986,
  "n_train": 359,
  "n_test": 90,
  "timestamp": 1758371945
}