{
  "coverage_90": 0.9111111111111111,
  "avg_width": 1.5070973544674788,
  "n_test": 90,
  "total_samples": 20000,
  "elapsed_seconds": 0.2070779800415039
}