{
  "n_samples": 20000,
  "n_test": 90,
  "mse_mid": 0.21776322356348984,
  "mae": 0.37292331504351134,
  "mean_sharpness": 0.45761991875661157,
  "coverage_90": 0.9111111111111111,
  "avg_width_90": 1.5070973544674788,
  "mean_total_std": 0.45761991875661157,
  "mean_epistemic_std": 0.01128701195075716,
  "mean_aleatoric_std": 0.4575973742892598
}